<?xml version="1.0" encoding="UTF-8"?>
<!--
* Licensed to the Apache Software Foundation (ASF) under one
* or more contributor license agreements.  See the NOTICE file
* distributed with this work for additional information
* regarding copyright ownership.  The ASF licenses this file
* to you under the Apache License, Version 2.0 (the
* "License"); you may not use this file except in compliance
* with the License.  You may obtain a copy of the License at
* 
*   http://www.apache.org/licenses/LICENSE-2.0
* 
* Unless required by applicable law or agreed to in writing,
* software distributed under the License is distributed on an
* "AS IS" BASIS, WITHOUT WARRANTIES OR CONDITIONS OF ANY
* KIND, either express or implied.  See the License for the
* specific language governing permissions and limitations
* under the License.
-->
<analysisEngineDescription xmlns="http://uima.apache.org/resourceSpecifier">
  <frameworkImplementation>org.apache.uima.java</frameworkImplementation>
  <primitive>false</primitive>
  
  <delegateAnalysisEngineSpecifiers>
    <delegateAnalysisEngine key="RoomNumberAnnotator">
      <import
        location="../tutorial/ex1/RoomNumberAnnotator.xml"/>
    </delegateAnalysisEngine>
    <delegateAnalysisEngine key="DateTimeAnnotator">
      <import
        location="../tutorial/ex3/TutorialDateTime.xml"/>
    </delegateAnalysisEngine>
    <delegateAnalysisEngine key="MeetingAnnotator">
      <import
        location="../tutorial/ex4/MeetingAnnotator.xml"/>
    </delegateAnalysisEngine>
  </delegateAnalysisEngineSpecifiers>
  <flowController key="FlowController">
    <import location="AdvancedFixedFlowController.xml"/>
  </flowController>
  
  <analysisEngineMetaData>
    <name>Meeting Detector TAE with Advanced Fixed Flow Controller</name>
    <description>Detects Room Numbers, Times, and Dates in text, and annotates the
			combination of all three as a meeting.  This example demonstrates how
      to use the Advanced Fixed Flow Controller.</description>
    <version>1.0</version>
    <vendor>The Apache Software Foundation</vendor>
    
    <configurationParameters>
      
      <configurationParameter>
        <name>Flow</name>
        <description> Specifies the flow. This is an array of strings where each string is either a single Analysis
          Engine key or a comma-separated list of Analysis Engine keys that can be executed in parallel.
          </description>
        <type>String</type>
        <multiValued>true</multiValued>
        <mandatory>true</mandatory>
        <overrides>
          <parameter>FlowController/Flow</parameter>
        </overrides>
      </configurationParameter>
      
      <configurationParameter>
        <name>AllowContinueOnFailure</name>
        <description> Specifies for which AnalysisEngines the Flow should continue when an exception occurs. This
          parameter takes an array of Strings as its value. Each String is the key of AnalysisEngine for which
          continuing on failure should be allowed. </description>
        <type>String</type>
        <multiValued>true</multiValued>
        <overrides>
          <parameter>FlowController/AllowContinueOnFailure</parameter>
        </overrides>
      </configurationParameter>
    </configurationParameters>
    
    <configurationParameterSettings>
      <!-- This specifies the flow.  RoomNumberAnnotator and DateTimeAnnotator
           can be run in either order, or in parallel if the runtime allows it. -->
      <nameValuePair>
        <name>Flow</name>
        <value>
          <array>
            <string>RoomNumberAnnotator,DateTimeAnnotator</string>
            <string>MeetingAnnotator</string>
          </array>
        </value>
      </nameValuePair>
      
      <!-- This specifies for which AEs we can continue when an error occurs -->
      <nameValuePair>
        <name>AllowContinueOnFailure</name>
        <value>
          <array>
            <string>MeetingAnnotator</string>
          </array>
        </value>
      </nameValuePair>
    </configurationParameterSettings>
    
    <!-- Capabilities: Inputs and Outputs -->
    <capabilities>
      <capability>
        <inputs/>
        <outputs>
          <type>org.apache.uima.tutorial.RoomNumber</type>
          <type>org.apache.uima.tutorial.DateAnnot</type>
          <type>org.apache.uima.tutorial.TimeAnnot</type>
          <type>org.apache.uima.tutorial.Meeting</type>
        </outputs>
        <languagesSupported/>
      </capability>
    </capabilities>
    
  </analysisEngineMetaData>
</analysisEngineDescription>