<?xml version="1.0" encoding="UTF-8"?>

	<!--
	 ***************************************************************
	 * Licensed to the Apache Software Foundation (ASF) under one
	 * or more contributor license agreements.  See the NOTICE file
	 * distributed with this work for additional information
	 * regarding copyright ownership.  The ASF licenses this file
	 * to you under the Apache License, Version 2.0 (the
	 * "License"); you may not use this file except in compliance
	 * with the License.  You may obtain a copy of the License at
         *
	 *   http://www.apache.org/licenses/LICENSE-2.0
	 * 
	 * Unless required by applicable law or agreed to in writing,
	 * software distributed under the License is distributed on an
	 * "AS IS" BASIS, WITHOUT WARRANTIES OR CONDITIONS OF ANY
	 * KIND, either express or implied.  See the License for the
	 * specific language governing permissions and limitations
	 * under the License.
	 ***************************************************************
   -->
   
<flowControllerDescription xmlns="http://uima.apache.org/resourceSpecifier">
  <frameworkImplementation>org.apache.uima.java</frameworkImplementation>
  <implementationName>org.apache.uima.examples.flow.WhiteboardFlowController</implementationName>
	<processingResourceMetaData>
		<name>Whiteboard Flow Controller</name>
		<description>FlowController implementing a simple version of the "whiteboard"
			flow model. Each time a CAS is received, it looks at the pool of available AEs that
			have not yet run on that CAS, and picks one whose input requirements are
			satisfied.
			Limitations: only looks at types, not features. Does not handle multiple Sofas
			or CasMultipliers. </description>
		<version>1.0</version>
		<vendor>The Apache Software Foundation</vendor>
		<capabilities>
			<capability>
				<inputs/>
				<outputs/>
			</capability>
		</capabilities>
		<operationalProperties>
			<modifiesCas>false</modifiesCas>
			<multipleDeploymentAllowed>true</multipleDeploymentAllowed>
			<outputsNewCASes>false</outputsNewCASes>
		</operationalProperties>
	</processingResourceMetaData>
</flowControllerDescription>
