<?xml version="1.0" encoding="UTF-8"?>

	<!--
	 ***************************************************************
	 * Licensed to the Apache Software Foundation (ASF) under one
	 * or more contributor license agreements.  See the NOTICE file
	 * distributed with this work for additional information
	 * regarding copyright ownership.  The ASF licenses this file
	 * to you under the Apache License, Version 2.0 (the
	 * "License"); you may not use this file except in compliance
	 * with the License.  You may obtain a copy of the License at
         *
	 *   http://www.apache.org/licenses/LICENSE-2.0
	 * 
	 * Unless required by applicable law or agreed to in writing,
	 * software distributed under the License is distributed on an
	 * "AS IS" BASIS, WITHOUT WARRANTIES OR CONDITIONS OF ANY
	 * KIND, either express or implied.  See the License for the
	 * specific language governing permissions and limitations
	 * under the License.
	 ***************************************************************
   -->
   
<!-- A simple CAS consumer that writes an inline XML representation of the
     CAS to the filesystem.  The source code for this CAS consumer is in 
	 the UIMA SDK examples. -->

<casConsumerDescription  xmlns="http://uima.apache.org/resourceSpecifier">
    <frameworkImplementation>org.apache.uima.java</frameworkImplementation>
    <implementationName>org.apache.uima.examples.cpe.InlineXmlCasConsumer</implementationName>
    <processingResourceMetaData>
        <name>Inline XML CAS Consumer</name>
        <description>Generates inline XML for each CAS and writes it to a file</description>
        <version>1.0</version>
        <vendor>The Apache Software Foundation</vendor>
        <configurationParameters>
            <configurationParameter>
                <name>OutputDirectory</name>
                <description>Directory into which to write output files</description>
                <type>String</type>
                <multiValued>false</multiValued>
                <mandatory>true</mandatory>
            </configurationParameter>
        </configurationParameters>
        <configurationParameterSettings>
            <nameValuePair>
                <name>OutputDirectory</name>
                <value>
                    <string>temp-uima-output/inlinexml</string>
                </value>
            </nameValuePair>
        </configurationParameterSettings>

        <typeSystemDescription>
          <imports>
            <import name="org.apache.uima.examples.SourceDocumentInformation"/>
          </imports>
        </typeSystemDescription>

        <capabilities>
          	<capability>
          		<inputs>
          			<type allAnnotatorFeatures="true">org.apache.uima.examples.SourceDocumentInformation</type>
          		</inputs>
          	</capability>
        </capabilities>
		<operationalProperties>
			<modifiesCas>false</modifiesCas>
			<multipleDeploymentAllowed>true</multipleDeploymentAllowed>
			<outputsNewCASes>false</outputsNewCASes>
		</operationalProperties>		
    </processingResourceMetaData>
</casConsumerDescription>
