<?xml version="1.0" encoding="UTF-8"?>

	<!--
	 ***************************************************************
	 * Licensed to the Apache Software Foundation (ASF) under one
	 * or more contributor license agreements.  See the NOTICE file
	 * distributed with this work for additional information
	 * regarding copyright ownership.  The ASF licenses this file
	 * to you under the Apache License, Version 2.0 (the
	 * "License"); you may not use this file except in compliance
	 * with the License.  You may obtain a copy of the License at
         *
	 *   http://www.apache.org/licenses/LICENSE-2.0
	 * 
	 * Unless required by applicable law or agreed to in writing,
	 * software distributed under the License is distributed on an
	 * "AS IS" BASIS, WITHOUT WARRANTIES OR CONDITIONS OF ANY
	 * KIND, either express or implied.  See the License for the
	 * specific language governing permissions and limitations
	 * under the License.
	 ***************************************************************
   -->
   
<casConsumerDescription xmlns="http://uima.apache.org/resourceSpecifier">
  <frameworkImplementation>org.apache.uima.java</frameworkImplementation>
  <implementationName>org.apache.uima.examples.xmi.XmiEcoreCasConsumer</implementationName>
	<processingResourceMetaData>
		<name>Xmi Writer CAS Consumer</name>
		<description>Writes the CAS to XMI format</description>
		<version>1.0</version>
		<vendor>The Apache Software Foundation</vendor>
		<configurationParameters>
			<configurationParameter>
				<name>OutputDirectory</name>
				<description>Directory where the XMI files will be
					written</description>
				<type>String</type>
				<multiValued>false</multiValued>
				<mandatory>true</mandatory>
			</configurationParameter>
			<configurationParameter>
				<name>WriteEcoreTypeSystem</name>
				<description>If true, the type system will be serialized in Ecore format to
					the output directory, and each of the output XMI files will have a link to
					it via their schemaLocation attribute.
					If this option is set to true, EMF libraries are required in the
					classpath at runtime. </description>
				<type>Boolean</type>
				<multiValued>false</multiValued>
				<mandatory>false</mandatory>
			</configurationParameter>
		</configurationParameters>
		<configurationParameterSettings>
			<nameValuePair>
				<name>OutputDirectory</name>
				<value>
					<string>xmi_output</string>
				</value>
			</nameValuePair>
			<nameValuePair>
				<name>WriteEcoreTypeSystem</name>
				<value>
					<boolean>false</boolean>
				</value>
			</nameValuePair>
		</configurationParameterSettings>
		<typeSystemDescription>
			<imports>
				<import name="org.apache.uima.examples.SourceDocumentInformation"/>
			</imports>
		</typeSystemDescription>
		<capabilities>
			<capability>
				<inputs>
					<type allAnnotatorFeatures="true">
						org.apache.uima.examples.SourceDocumentInformation</type>
				</inputs>
				<outputs/>
				<languagesSupported/>
			</capability>
		</capabilities>
		<operationalProperties>
			<modifiesCas>false</modifiesCas>
			<multipleDeploymentAllowed>true</multipleDeploymentAllowed>
			<outputsNewCASes>false</outputsNewCASes>
		</operationalProperties>
	</processingResourceMetaData>
</casConsumerDescription>
