<?xml version="1.0" encoding="UTF-8"?>

	<!--
	 ***************************************************************
	 * Licensed to the Apache Software Foundation (ASF) under one
	 * or more contributor license agreements.  See the NOTICE file
	 * distributed with this work for additional information
	 * regarding copyright ownership.  The ASF licenses this file
	 * to you under the Apache License, Version 2.0 (the
	 * "License"); you may not use this file except in compliance
	 * with the License.  You may obtain a copy of the License at
         *
	 *   http://www.apache.org/licenses/LICENSE-2.0
	 * 
	 * Unless required by applicable law or agreed to in writing,
	 * software distributed under the License is distributed on an
	 * "AS IS" BASIS, WITHOUT WARRANTIES OR CONDITIONS OF ANY
	 * KIND, either express or implied.  See the License for the
	 * specific language governing permissions and limitations
	 * under the License.
	 ***************************************************************
   -->
   
<collectionReaderDescription  xmlns="http://uima.apache.org/resourceSpecifier">
    <frameworkImplementation>org.apache.uima.java</frameworkImplementation>
    <implementationName>org.apache.uima.examples.xmi.XmiCollectionReader</implementationName>
    <processingResourceMetaData>
        <name>XMI Collection Reader</name>
        <description>A simple collection reader that reads CASes in XMI format from a directory
     in the filesystem.</description>
        <version>1.0</version>
        <vendor>The Apache Software Foundation</vendor>
        <configurationParameters>
            <configurationParameter>
                <name>InputDirectory</name>
                <description>Directory containing input files</description>
                <type>String</type>
                <multiValued>false</multiValued>
                <mandatory>true</mandatory>
            </configurationParameter>
            <configurationParameter>
        		<name>FailOnUnknownType</name>
        		<type>Boolean</type>
        		<multiValued>false</multiValued>
        		<mandatory>false</mandatory>
        	</configurationParameter>
        </configurationParameters>
		<configurationParameterSettings>
		    <nameValuePair>
		        <name>InputDirectory</name>
		        <value>
		            <string>C:/Program Files/apache-uima/examples/data</string>
		        </value>
		    </nameValuePair>
		    <nameValuePair>
		        <name>FailOnUnknownType</name>
		        <value>
		            <boolean>true</boolean>
		        </value>
		    </nameValuePair>
		</configurationParameterSettings>
		<operationalProperties>
			<modifiesCas>true</modifiesCas>
			<multipleDeploymentAllowed>false</multipleDeploymentAllowed>
			<outputsNewCASes>true</outputsNewCASes>
		</operationalProperties>
    </processingResourceMetaData>
</collectionReaderDescription>
