<?xml version="1.0" encoding="UTF-8"?>

	<!--
	 ***************************************************************
	 * Licensed to the Apache Software Foundation (ASF) under one
	 * or more contributor license agreements.  See the NOTICE file
	 * distributed with this work for additional information
	 * regarding copyright ownership.  The ASF licenses this file
	 * to you under the Apache License, Version 2.0 (the
	 * "License"); you may not use this file except in compliance
	 * with the License.  You may obtain a copy of the License at
         *
	 *   http://www.apache.org/licenses/LICENSE-2.0
	 * 
	 * Unless required by applicable law or agreed to in writing,
	 * software distributed under the License is distributed on an
	 * "AS IS" BASIS, WITHOUT WARRANTIES OR CONDITIONS OF ANY
	 * KIND, either express or implied.  See the License for the
	 * specific language governing permissions and limitations
	 * under the License.
	 ***************************************************************
   -->
   
<analysisEngineDescription xmlns="http://uima.apache.org/resourceSpecifier">
  <frameworkImplementation>org.apache.uima.java</frameworkImplementation>
  <primitive>false</primitive>
  <delegateAnalysisEngineSpecifiers>
    <delegateAnalysisEngine key="GovernmentOfficialRecognizer">
      <import location="GovernmentOfficialRecognizer_RegEx_TAE.xml"/>
    </delegateAnalysisEngine>
    <delegateAnalysisEngine key="NameRecognizer">
      <import location="SimpleNameRecognizer_RegEx_TAE.xml"/>
    </delegateAnalysisEngine>
  </delegateAnalysisEngineSpecifiers>
  <analysisEngineMetaData>
    <name>Aggregate TAE - Name Recognizer and Government Official Recognizer</name>
    <description>Detects Names and Government Officials</description>
    <version></version>
    <vendor></vendor>
    <configurationParameters/>
    <configurationParameterSettings/>
    <flowConstraints>
      <fixedFlow>
        <node>NameRecognizer</node>
        <node>GovernmentOfficialRecognizer</node>
      </fixedFlow>
    </flowConstraints>
    <capabilities>
      <capability>
        <inputs/>
        <outputs>
          <type>example.GovernmentOfficial</type>
        </outputs>
        <languagesSupported>
          <language>en</language>
        </languagesSupported>
      </capability>
      <capability>
        <inputs/>
        <outputs>
          <type>example.Name</type>
        </outputs>
        <languagesSupported>
          <language>x-unspecified</language>
        </languagesSupported>
      </capability>
    </capabilities>
	  	<operationalProperties>
		<modifiesCas>true</modifiesCas>
		<multipleDeploymentAllowed>true</multipleDeploymentAllowed>
		<outputsNewCASes>false</outputsNewCASes>
	</operationalProperties>
  </analysisEngineMetaData>
</analysisEngineDescription>
