<?xml version="1.0" encoding="UTF-8"?>

	<!--
	 ***************************************************************
	 * Licensed to the Apache Software Foundation (ASF) under one
	 * or more contributor license agreements.  See the NOTICE file
	 * distributed with this work for additional information
	 * regarding copyright ownership.  The ASF licenses this file
	 * to you under the Apache License, Version 2.0 (the
	 * "License"); you may not use this file except in compliance
	 * with the License.  You may obtain a copy of the License at
         *
	 *   http://www.apache.org/licenses/LICENSE-2.0
	 * 
	 * Unless required by applicable law or agreed to in writing,
	 * software distributed under the License is distributed on an
	 * "AS IS" BASIS, WITHOUT WARRANTIES OR CONDITIONS OF ANY
	 * KIND, either express or implied.  See the License for the
	 * specific language governing permissions and limitations
	 * under the License.
	 ***************************************************************
   -->
   
<analysisEngineDescription xmlns="http://uima.apache.org/resourceSpecifier">
  <frameworkImplementation>org.apache.uima.java</frameworkImplementation>
  <primitive>true</primitive>
  <annotatorImplementationName>org.apache.uima.examples.tokenizer.SimpleTokenAndSentenceAnnotator</annotatorImplementationName>
  <analysisEngineMetaData>
    <name>Simple Token and Sentence Annotator</name>
    <description>Annotates tokens and sentences.</description>
    <version>1.0</version>
    <vendor>The Apache Software Foundation</vendor>
    <configurationParameters/>
    <configurationParameterSettings/>
    <typeSystemDescription>
      <types>
        <typeDescription>
          <name>org.apache.uima.examples.tokenizer.Token</name>
          <description></description>
          <supertypeName>uima.tcas.Annotation</supertypeName>
        </typeDescription>
        <typeDescription>
          <name>org.apache.uima.examples.tokenizer.Sentence</name>
          <description></description>
          <supertypeName>uima.tcas.Annotation</supertypeName>
        </typeDescription>
      </types>
    </typeSystemDescription>
    <capabilities>
      <capability>
        <inputs/>
        <outputs>
          <type allAnnotatorFeatures="true">org.apache.uima.examples.tokenizer.Sentence</type>
          <type allAnnotatorFeatures="true">org.apache.uima.examples.tokenizer.Token</type>
        </outputs>
        <languagesSupported>
          <language>en</language>
        </languagesSupported>
      </capability>
    </capabilities>
	<operationalProperties>
		<modifiesCas>true</modifiesCas>
		<multipleDeploymentAllowed>true</multipleDeploymentAllowed>
		<outputsNewCASes>false</outputsNewCASes>
	</operationalProperties>
  </analysisEngineMetaData>
</analysisEngineDescription>
