<?xml version="1.0" encoding="UTF-8" ?>

	<!--
	 ***************************************************************
	 * Licensed to the Apache Software Foundation (ASF) under one
	 * or more contributor license agreements.  See the NOTICE file
	 * distributed with this work for additional information
	 * regarding copyright ownership.  The ASF licenses this file
	 * to you under the Apache License, Version 2.0 (the
	 * "License"); you may not use this file except in compliance
	 * with the License.  You may obtain a copy of the License at
         *
	 *   http://www.apache.org/licenses/LICENSE-2.0
	 * 
	 * Unless required by applicable law or agreed to in writing,
	 * software distributed under the License is distributed on an
	 * "AS IS" BASIS, WITHOUT WARRANTIES OR CONDITIONS OF ANY
	 * KIND, either express or implied.  See the License for the
	 * specific language governing permissions and limitations
	 * under the License.
	 ***************************************************************
   -->
   
<analysisEngineDescription xmlns="http://uima.apache.org/resourceSpecifier">
	<frameworkImplementation>org.apache.uima.java</frameworkImplementation>
	<primitive>true</primitive>
	<annotatorImplementationName>
		org.apache.uima.examples.SofaExampleAnnotator</annotatorImplementationName>
	<analysisEngineMetaData>
		<name>English to German translator</name>
		<description>Creates output SOFA in de CAS</description>
		<version>1.0</version>
		<vendor>The Apache Software Foundation</vendor>
		<typeSystemDescription>
			<types>
				<typeDescription>
					<name>sofa.test.CrossAnnotation</name>
					<description></description>
					<supertypeName>uima.tcas.Annotation</supertypeName>
					<features>
						<featureDescription>
							<name>otherAnnotation</name>
							<description></description>
							<rangeTypeName>uima.tcas.Annotation</rangeTypeName>
						</featureDescription>
					</features>
				</typeDescription>
			</types>
		</typeSystemDescription>
		<!--
		Capabilities: Inputs, Outputs, and Preconditions
		-->
		<capabilities>
			<capability>
				<inputs/>
				<outputs>
					<type allAnnotatorFeatures="true">
						sofa.test.CrossAnnotation</type>
				</outputs>
				<inputSofas>
					<sofaName>EnglishDocument</sofaName>
				</inputSofas>
				<outputSofas>
					<sofaName>GermanDocument</sofaName>
				</outputSofas>
				<languagesSupported>
					<language>x-unspecified</language>
				</languagesSupported>
			</capability>
		</capabilities>
		<operationalProperties>
			<modifiesCas>true</modifiesCas>
			<multipleDeploymentAllowed>true</multipleDeploymentAllowed>
			<outputsNewCASes>false</outputsNewCASes>
		</operationalProperties>
	</analysisEngineMetaData>
</analysisEngineDescription>
